,employee_name,employee_number,state,zip,dob,age,sex,maritaldesc,citizendesc,hispanic_latino,racedesc,date_of_hire,date_of_termination,reason_for_term,employment_status,department,position,pay_rate,manager_name,employee_source,performance_score
0,"Brown, Mia",1103024456.0,MA,1450.0,1985-11-24,32.0,Female,Married,US Citizen,No,Black or African American,2008-10-27,,N/A - still employed,Active,Admin Offices,Accountant I,28.5,Brandon R. LeBlanc,Diversity Job Fair,4
1,"LaRotonda, William  ",1106026572.0,MA,1460.0,1984-04-26,33.0,Male,Divorced,US Citizen,No,Black or African American,2014-01-06,,N/A - still employed,Active,Admin Offices,Accountant I,23.0,Brandon R. LeBlanc,Website Banner Ads,4
2,"Steans, Tyrone  ",1302053333.0,MA,2703.0,1986-09-01,31.0,Male,Single,US Citizen,No,White,2014-09-29,,N/A - still employed,Active,Admin Offices,Accountant I,29.0,Brandon R. LeBlanc,Internet Search,4
3,"Howard, Estelle",1211050782.0,MA,2170.0,1985-09-16,32.0,Female,Married,US Citizen,No,White,2015-02-16,,N/A - still employed,Active,Admin Offices,Administrative Assistant,21.5,Brandon R. LeBlanc,Pay Per Click - Google,0
4,"Singh, Nan ",1307059817.0,MA,2330.0,1988-05-19,29.0,Female,Single,US Citizen,No,White,2015-05-01,,N/A - still employed,Active,Admin Offices,Administrative Assistant,16.56,Brandon R. LeBlanc,Website Banner Ads,0
5,"Smith, Leigh Ann",711007713.0,MA,1844.0,1987-06-14,30.0,Female,Married,US Citizen,No,Asian,2011-09-26,2013-09-25,career change,Voluntarily Terminated,Admin Offices,Administrative Assistant,20.5,Brandon R. LeBlanc,Diversity Job Fair,4
6,"LeBlanc, Brandon  R",1102024115.0,MA,1460.0,1984-06-10,33.0,Male,Married,US Citizen,No,White,2016-01-05,,N/A - still employed,Active,Admin Offices,Shared Services Manager,55.0,Janet King,Monster.com,4
7,"Quinn, Sean",1206043417.0,MA,2045.0,1984-11-06,33.0,Male,Married,Eligible NonCitizen,No,Black or African American,2011-02-21,2015-08-15,career change,Voluntarily Terminated,Admin Offices,Shared Services Manager,55.0,Janet King,Diversity Job Fair,4
8,"Boutwell, Bonalyn",1307060188.0,MA,2468.0,1987-04-04,30.0,Female,Married,US Citizen,No,Asian,2015-02-16,,N/A - still employed,Active,Admin Offices,Sr. Accountant,34.95,Brandon R. LeBlanc,Diversity Job Fair,3
9,"Foster-Baker, Amy",1201031308.0,MA,2050.0,1979-04-16,38.0,Female,Married,US Citizen,No,White,2009-01-05,,N/A - still employed,Active,Admin Offices,Sr. Accountant,34.95,Board of Directors,Other,4
10,"King, Janet",1001495124.0,MA,1902.0,1954-09-21,63.0,Female,Married,US Citizen,Yes,White,2012-07-02,,N/A - still employed,Active,Executive Office,President & CEO,80.0,Board of Directors,Pay Per Click - Google,4
11,"Zamora, Jennifer",1112030816.0,MA,2067.0,1979-08-30,38.0,Female,Single,US Citizen,No,White,2010-04-10,,N/A - still employed,Active,IT/IS,CIO,65.0,Janet King,Employee Referral,6
12,"Becker, Renee",1102024056.0,MA,2026.0,1986-04-04,31.0,Female,Single,US Citizen,Yes,White,2014-07-07,2015-09-12,performance,Terminated for Cause,IT/IS,Database Administrator,43.0,Simon Roup,Search Engine - Google Bing Yahoo,4
13,"Goble, Taisha",905013738.0,MA,2127.0,1971-10-23,46.0,Female,Single,US Citizen,No,White,2015-02-16,2015-03-15,"no-call, no-show",Terminated for Cause,IT/IS,Database Administrator,48.5,Simon Roup,Glassdoor,4
14,"Hernandez, Daniff",1410071156.0,MA,1960.0,1986-08-07,31.0,Male,Married,US Citizen,No,Black or African American,2015-02-16,2015-02-22,"no-call, no-show",Terminated for Cause,IT/IS,Database Administrator,40.1,Simon Roup,Employee Referral,0
15,"Horton, Jayne",1105025718.0,MA,2493.0,1984-02-21,33.0,Female,Single,US Citizen,No,White,2015-03-30,,N/A - still employed,Active,IT/IS,Database Administrator,34.0,Simon Roup,Glassdoor,0
16,"Johnson, Noelle ",1003018246.0,MA,2301.0,1986-11-07,31.0,Female,Married,US Citizen,No,Asian,2015-01-05,,N/A - still employed,Leave of Absence,IT/IS,Database Administrator,40.0,Simon Roup,Glassdoor,3
17,"Murray, Thomas",1406068403.0,TX,78230.0,1988-07-04,29.0,Male,Divorced,US Citizen,No,Black or African American,2014-11-10,,N/A - still employed,Active,IT/IS,Database Administrator,35.5,Simon Roup,Diversity Job Fair,6
18,"Pearson, Randall",1102023965.0,MA,2747.0,1984-09-05,33.0,Male,Married,US Citizen,No,White,2014-12-01,2016-05-01,Terminated for Cause,Voluntarily Terminated,IT/IS,Database Administrator,41.0,Simon Roup,Employee Referral,4
19,"Petrowsky, Thelma",1108027853.0,MA,1886.0,1984-09-16,33.0,Female,Married,US Citizen,No,Asian,2014-11-10,,N/A - still employed,Active,IT/IS,Database Administrator,42.75,Simon Roup,Employee Referral,6
20,"Roby, Lori ",1407068885.0,MA,1886.0,1981-10-11,36.0,Female,Married,US Citizen,No,White,2015-02-16,,N/A - still employed,Active,IT/IS,Database Administrator,39.55,Simon Roup,Employee Referral,4
21,"Rogers, Ivan",1203032255.0,MA,1810.0,1986-08-26,31.0,Male,Married,US Citizen,No,White,2015-03-30,,N/A - still employed,Active,IT/IS,Database Administrator,42.2,Simon Roup,Pay Per Click - Google,0
22,"Salter, Jason",1111030148.0,MA,2452.0,1987-12-17,30.0,Male,Divorced,US Citizen,No,Black or African American,2015-01-05,2015-10-31,hours,Voluntarily Terminated,IT/IS,Database Administrator,45.0,Simon Roup,Vendor Referral,3
23,"Simard, Kramer",808010278.0,MA,2110.0,1970-02-08,47.0,Male,Married,US Citizen,Yes,White,2015-01-05,,N/A - still employed,Active,IT/IS,Database Administrator,30.2,Simon Roup,Employee Referral,3
24,"Zhou, Julia",1110029732.0,MA,2148.0,1979-02-24,38.0,Female,Single,US Citizen,No,White,2015-03-30,,N/A - still employed,Active,IT/IS,Database Administrator,31.4,Simon Roup,Employee Referral,3
25,"Foss, Jason",1192991000.0,MA,1460.0,1980-07-05,37.0,Male,Single,US Citizen,No,Black or African American,2011-04-15,,N/A - still employed,Active,IT/IS,IT Director,65.0,Jennifer Zamora,Professional Society,6
26,"Roup,Simon",1106026933.0,MA,2481.0,1973-04-05,44.0,Male,Single,US Citizen,No,White,2013-01-20,,N/A - still employed,Active,IT/IS,IT Manager - DB,62.0,Jennifer Zamora,Professional Society,4
27,"Ruiz, Ricardo",1001175250.0,MA,1915.0,1964-01-04,54.0,Male,Divorced,US Citizen,No,Two or more races,2012-01-09,2015-11-04,hours,Voluntarily Terminated,IT/IS,IT Manager - DB,21.0,Jennifer Zamora,Diversity Job Fair,4
28,"Monroe, Peter",1011022863.0,MA,2134.0,1986-10-05,31.0,Male,Married,Eligible NonCitizen,Yes,Hispanic,2012-02-15,,N/A - still employed,Active,IT/IS,IT Manager - Infra,63.0,Jennifer Zamora,Diversity Job Fair,2
29,"Dougall, Eric",1101023754.0,MA,1886.0,1970-07-09,47.0,Male,Single,US Citizen,No,White,2014-01-05,,N/A - still employed,Active,IT/IS,IT Manager - Support,64.0,Jennifer Zamora,Professional Society,5
30,"Clayton, Rick",1301052902.0,MA,2170.0,1985-09-05,32.0,Male,Single,US Citizen,No,White,2012-09-05,,N/A - still employed,Active,IT/IS,IT Support,28.99,Eric Dougall,Glassdoor,4
31,"Galia, Lisa",1501072093.0,CT,6040.0,1968-07-06,49.0,Female,Single,US Citizen,No,White,2010-05-01,,N/A - still employed,Active,IT/IS,IT Support,31.4,Eric Dougall,Vendor Referral,4
32,"Lindsay, Leonara ",602000312.0,CT,6070.0,1988-10-05,29.0,Female,Single,US Citizen,Yes,Two or more races,2011-01-21,,N/A - still employed,Active,IT/IS,IT Support,26.0,Eric Dougall,Diversity Job Fair,5
33,"Soto, Julia ",1203032263.0,MA,2360.0,1973-03-12,44.0,Female,Married,US Citizen,No,Black or African American,2011-06-10,,N/A - still employed,Active,IT/IS,IT Support,27.49,Eric Dougall,Information Session,4
34,"Bacong, Alejandro ",1212052023.0,MA,1886.0,1988-01-07,30.0,Male,Divorced,US Citizen,No,White,2015-01-05,,N/A - still employed,Active,IT/IS,Network Engineer,45.0,Peter Monroe,Glassdoor,3
35,"Cisco, Anthony",1102024173.0,MA,2135.0,1989-11-24,28.0,Male,Married,US Citizen,Yes,White,2015-03-30,,N/A - still employed,Active,IT/IS,Network Engineer,42.0,Peter Monroe,Information Session,0
36,"Dolan, Linda",1101023540.0,MA,2119.0,1988-07-18,29.0,Female,Married,US Citizen,No,White,2015-01-05,,N/A - still employed,Active,IT/IS,Network Engineer,37.0,Peter Monroe,Employee Referral,3
37,"Gonzalez, Maria",1988299991.0,MA,2472.0,1981-04-16,36.0,Female,Separated,US Citizen,Yes,White,2015-01-05,,N/A - still employed,Active,IT/IS,Network Engineer,39.0,Peter Monroe,Employee Referral,4
38,"Merlos, Carlos",1012023013.0,MA,2138.0,1987-06-18,30.0,Male,Single,US Citizen,No,White,2015-03-30,,N/A - still employed,Active,IT/IS,Network Engineer,43.0,Peter Monroe,Vendor Referral,0
39,"Morway, Tanya",1001956578.0,MA,2048.0,1979-04-04,38.0,Female,Married,US Citizen,No,White,2015-02-16,,N/A - still employed,Active,IT/IS,Network Engineer,27.0,Peter Monroe,Monster.com,4
40,"Shepard, Anita ",906014183.0,MA,1773.0,1981-04-14,36.0,Female,Married,US Citizen,No,White,2014-09-30,,N/A - still employed,Active,IT/IS,Network Engineer,47.0,Peter Monroe,Vendor Referral,4
41,"Tredinnick, Neville ",1104025466.0,MA,1420.0,1988-05-05,29.0,Male,Married,US Citizen,No,White,2015-01-05,2015-05-12,medical issues,Voluntarily Terminated,IT/IS,Network Engineer,28.0,Peter Monroe,Monster.com,4
42,"Turpin, Jumil",1411071506.0,MA,2343.0,1969-03-31,48.0,Male,Married,Eligible NonCitizen,No,White,2015-03-30,,N/A - still employed,Active,IT/IS,Network Engineer,49.1,Peter Monroe,Employee Referral,0
43,"Ait Sidi, Karthikeyan   ",1307060199.0,MA,2148.0,1975-05-05,42.0,Male,Married,US Citizen,No,White,2015-03-30,2016-06-16,career change,Voluntarily Terminated,IT/IS,Sr. DBA,62.0,Simon Roup,Company Intranet - Partner,4
44,"Carr, Claudia  N",1010022337.0,MA,1886.0,1986-06-06,31.0,Female,Single,US Citizen,No,Black or African American,2016-06-30,,N/A - Has not started yet,Future Start,IT/IS,Sr. DBA,61.3,Simon Roup,Vendor Referral,0
45,"Favis, Donald  ",1412071562.0,CT,6033.0,1964-07-30,53.0,Male,Single,US Citizen,No,Black or African American,2014-02-17,2016-02-19,Voluntarily Terminated,Terminated for Cause,IT/IS,Sr. DBA,58.2,Simon Roup,Vendor Referral,4
46,"Roehrich, Bianca",1111030266.0,MA,2703.0,1973-05-27,44.0,Female,Single,US Citizen,Yes,White,2015-01-05,2015-11-10,Another position,Voluntarily Terminated,IT/IS,Sr. DBA,58.5,Simon Roup,Vendor Referral,3
47,"Daniele, Ann  ",1411071312.0,CT,6033.0,1952-01-18,66.0,Female,Married,US Citizen,No,White,2014-11-10,,N/A - still employed,Leave of Absence,IT/IS,Sr. Network Engineer,54.1,Peter Monroe,Vendor Referral,4
48,"Lajiri,  Jyoti",1108028108.0,MA,2169.0,1986-04-23,31.0,Male,Married,US Citizen,No,White,2014-11-10,,N/A - still employed,Leave of Absence,IT/IS,Sr. Network Engineer,56.2,Peter Monroe,Employee Referral,4
49,"Semizoglou, Jeremiah  ",904013591.0,MA,1545.0,1983-02-09,34.0,Male,Married,US Citizen,No,Asian,2016-06-30,,N/A - Has not started yet,Future Start,IT/IS,Sr. Network Engineer,53.8,Peter Monroe,On-campus Recruiting,0
50,"South, Joe",1308060959.0,CT,6278.0,1965-09-09,52.0,Male,Single,US Citizen,No,White,2014-11-10,,N/A - still employed,Active,IT/IS,Sr. Network Engineer,53.0,Peter Monroe,Employee Referral,3
51,"Warfield, Sarah",1301052347.0,MA,2453.0,1978-05-02,39.0,Female,Widowed,US Citizen,No,Asian,2015-03-30,,N/A - still employed,Active,IT/IS,Sr. Network Engineer,55.2,Peter Monroe,Employee Referral,0
52,"Bramante, Elisa",1006020066.0,MA,2030.0,1983-03-19,34.0,Female,Single,US Citizen,No,Black or African American,2009-01-05,,N/A - still employed,Active,Production,Director of Operations,60.0,Janet King,Other,5
53,"Albert, Michael  ",1501072311.0,MA,2169.0,1968-10-10,49.0,Male,Divorced,US Citizen,No,White,2011-08-01,,N/A - still employed,Active,Production,Production Manager,54.5,Janet King,Employee Referral,4
54,"Bozzi, Charles",1303054580.0,MA,1901.0,1970-03-10,47.0,Male,Single,US Citizen,No,Asian,2013-09-30,2014-08-07,retiring,Voluntarily Terminated,Production,Production Manager,50.5,Janet King,Billboard,4
55,"Butler, Webster  L",1110029990.0,MA,2169.0,1983-08-09,34.0,Male,Single,US Citizen,No,White,2016-01-28,,N/A - still employed,Active,Production,Production Manager,55.0,Janet King,Pay Per Click - Google,5
56,"Dunn, Amy  ",1409070147.0,MA,1731.0,1973-11-28,44.0,Female,Single,US Citizen,No,White,2014-09-18,,N/A - still employed,Active,Production,Production Manager,51.0,Janet King,Search Engine - Google Bing Yahoo,4
57,"Gray, Elijiah  ",1307060077.0,MA,1752.0,1981-07-11,36.0,Male,Divorced,US Citizen,No,White,2015-06-02,,N/A - still employed,Active,Production,Production Manager,54.0,Janet King,Employee Referral,4
58,"Hogland, Jonathan ",1001944783.0,MA,1890.0,1972-07-01,45.0,Male,Married,US Citizen,No,White,2011-01-10,2015-12-12,attendance,Terminated for Cause,Production,Production Manager,48.5,Janet King,Employee Referral,4
59,"Immediato, Walter",1403065874.0,MA,2128.0,1976-11-15,41.0,Male,Married,US Citizen,No,Asian,2011-02-21,2012-09-24,unhappy,Voluntarily Terminated,Production,Production Manager,42.0,Janet King,Other,2
60,"Liebig, Ketsia",1103024679.0,MA,2110.0,1981-10-26,36.0,Female,Married,US Citizen,No,White,2013-09-30,,N/A - still employed,Active,Production,Production Manager,55.0,Janet King,Website Banner Ads,5
61,"Miller, Brannon",1107027351.0,MA,2045.0,1981-08-10,36.0,Male,Single,US Citizen,Yes,Hispanic,2012-08-16,,N/A - still employed,Active,Production,Production Manager,53.0,Janet King,Internet Search,4
62,"Peterson, Ebonee  ",1402065355.0,MA,2030.0,1977-05-09,40.0,Female,Married,US Citizen,No,White,2010-10-25,2016-05-18,Another position,Voluntarily Terminated,Production,Production Manager,38.5,Janet King,Internet Search,4
63,"Spirea, Kelley",1102024149.0,MA,2451.0,1975-09-30,42.0,Female,Married,US Citizen,No,White,2012-10-02,,N/A - still employed,Active,Production,Production Manager,52.0,Janet King,Vendor Referral,4
64,"Stanley, David ",1000974650.0,MA,1803.0,1975-12-17,42.0,Male,Divorced,US Citizen,No,White,2010-07-20,,N/A - still employed,Active,Production,Production Manager,53.0,Janet King,Monster.com,2
65,"Sullivan, Kissy ",1405067298.0,MA,1776.0,1978-03-28,39.0,Female,Married,US Citizen,No,Black or African American,2009-01-08,,N/A - still employed,Active,Production,Production Manager,55.0,Janet King,Billboard,4
66,"Wallace, Courtney  E",1410071026.0,MA,2478.0,1955-11-14,62.0,Female,Married,US Citizen,No,Black or African American,2011-09-26,2012-01-02,Another position,Voluntarily Terminated,Production,Production Manager,33.5,Janet King,Diversity Job Fair,4
67,"Adinolfi, Wilson  K",1409070522.0,MA,1960.0,1983-07-10,34.0,Male,Single,US Citizen,No,White,2011-07-05,,N/A - still employed,Active,Production,Production Technician I,20.0,Michael Albert,MBTA ads,5
68,"Alagbe,Trina",1011022883.0,MA,1886.0,1988-09-27,29.0,Female,Married,US Citizen,No,White,2008-01-07,,N/A - still employed,Active,Production,Production Technician I,21.0,Elijiah Gray,Billboard,4
69,"Anderson, Carol ",1001417624.0,MA,2169.0,1989-09-08,28.0,Female,Divorced,US Citizen,No,White,2011-07-11,2011-09-06,return to school,Voluntarily Terminated,Production,Production Technician I,16.0,Webster Butler,Word of Mouth,0
70,"Anderson, Linda  ",1304055947.0,MA,1844.0,1977-05-22,40.0,Female,Single,US Citizen,No,White,2012-01-09,,N/A - still employed,Active,Production,Production Technician I,23.0,Amy Dunn,MBTA ads,6
71,"Athwal, Sam",1301052124.0,MA,2199.0,1983-02-18,34.0,Male,Widowed,US Citizen,No,White,2013-09-30,,N/A - still employed,Active,Production,Production Technician I,22.0,Ketsia Liebig,Employee Referral,0
72,"Bachiochi, Linda",1212051409.0,MA,1902.0,1970-02-11,47.0,Female,Single,US Citizen,No,Two or more races,2009-07-06,,N/A - still employed,Leave of Absence,Production,Production Technician I,22.0,Brannon Miller,Diversity Job Fair,4
73,"Baczenski, Rachael  ",1307060083.0,MA,1902.0,1974-01-12,44.0,Female,Married,US Citizen,Yes,Hispanic,2011-01-10,2011-01-12,Another position,Voluntarily Terminated,Production,Production Technician I,17.0,David Stanley,Diversity Job Fair,0
74,"Barbara, Thomas",1312063507.0,MA,2062.0,1974-02-21,43.0,Male,Married,US Citizen,Yes,Asian,2012-04-02,2012-09-19,unhappy,Voluntarily Terminated,Production,Production Technician I,22.0,Kissy Sullivan,Diversity Job Fair,3
75,"Barone, Francesco  A",1101023679.0,MA,1810.0,1983-07-20,34.0,Male,Single,US Citizen,No,Two or more races,2012-02-20,,N/A - still employed,Active,Production,Production Technician I,16.76,Kelley Spirea,Social Networks - Facebook Twitter etc,4
76,"Barton, Nader",1212051962.0,MA,2747.0,1977-07-15,40.0,Male,Divorced,US Citizen,No,White,2012-09-24,2013-04-06,Another position,Voluntarily Terminated,Production,Production Technician I,18.0,Michael Albert,On-line Web application,4
77,"Beatrice, Courtney ",1403066194.0,MA,1915.0,1970-10-27,47.0,Female,Single,Eligible NonCitizen,No,White,2011-04-04,,N/A - still employed,Active,Production,Production Technician I,22.0,Elijiah Gray,Search Engine - Google Bing Yahoo,4
78,"Becker, Scott",1110029777.0,MA,2452.0,1979-04-06,38.0,Male,Single,US Citizen,No,Asian,2013-07-08,,N/A - still employed,Leave of Absence,Production,Production Technician I,17.0,Webster Butler,MBTA ads,4
79,"Bernstein, Sean",1109029366.0,MA,2072.0,1970-12-22,47.0,Male,Single,US Citizen,Yes,White,2012-04-02,,N/A - still employed,Active,Production,Production Technician I,16.0,Amy Dunn,Word of Mouth,4
80,"Biden, Lowan  M",1412071844.0,MA,2027.0,1958-12-27,59.0,Female,Divorced,US Citizen,No,Asian,2013-08-19,,N/A - still employed,Active,Production,Production Technician I,22.0,Ketsia Liebig,Billboard,4
81,"Billis, Helen",1308060366.0,MA,2031.0,1989-09-01,28.0,Female,Married,US Citizen,No,White,2014-07-07,,N/A - still employed,Active,Production,Production Technician I,16.0,Brannon Miller,Professional Society,5
82,"Brill, Donna",1406068293.0,MA,1701.0,1990-08-24,27.0,Female,Married,US Citizen,No,White,2012-04-02,2013-06-15,Another position,Voluntarily Terminated,Production,Production Technician I,20.0,David Stanley,Search Engine - Google Bing Yahoo,4
83,"Bugali, Josephine ",1408069635.0,MA,2043.0,1969-10-30,48.0,Female,Separated,US Citizen,No,Black or African American,2013-11-11,,N/A - still employed,Leave of Absence,Production,Production Technician I,20.0,Kissy Sullivan,Diversity Job Fair,4
84,"Carey, Michael  ",1311063114.0,MA,1701.0,1983-02-02,34.0,Male,Widowed,US Citizen,No,Black or African American,2014-03-31,,N/A - still employed,Active,Production,Production Technician I,20.0,Kelley Spirea,MBTA ads,4
85,"Chace, Beatrice ",1208048062.0,MA,2763.0,1951-01-02,67.0,Female,Single,US Citizen,No,White,2014-09-29,,N/A - still employed,Active,Production,Production Technician I,16.0,Michael Albert,Search Engine - Google Bing Yahoo,4
86,"Chan, Lin",1305057282.0,MA,2170.0,1979-02-12,38.0,Female,Single,US Citizen,No,White,2014-05-12,,N/A - still employed,Active,Production,Production Technician I,19.5,Elijiah Gray,Internet Search,4
87,"Chang, Donovan  E",1111030129.0,MA,1845.0,1983-08-24,34.0,Male,Single,US Citizen,No,White,2013-07-08,,N/A - still employed,Active,Production,Production Technician I,22.0,Webster Butler,Newspager/Magazine,4
88,"Chivukula, Enola",1101023394.0,MA,1775.0,1983-08-27,34.0,Female,Single,US Citizen,No,White,2011-06-27,2015-11-15,relocation out of area,Voluntarily Terminated,Production,Production Technician I,21.0,Amy Dunn,Other,3
89,"Cierpiszewski, Caroline  ",1012023295.0,MA,2044.0,1988-05-31,29.0,Female,Single,Non-Citizen,No,Black or African American,2011-10-03,,N/A - still employed,Active,Production,Production Technician I,22.0,Ketsia Liebig,Pay Per Click - Google,4
90,"Clukey, Elijian",1407069280.0,MA,2134.0,1980-08-26,37.0,Male,Married,US Citizen,No,White,2016-07-06,,N/A - Has not started yet,Future Start,Production,Production Technician I,24.75,Brannon Miller,Employee Referral,5
91,"Cockel, James",1599991009.0,MA,2452.0,1977-09-08,40.0,Male,Single,US Citizen,No,White,2013-07-08,,N/A - still employed,Active,Production,Production Technician I,15.0,David Stanley,Employee Referral,4
92,"Cole, Spencer",1001450968.0,MA,1880.0,1979-08-12,38.0,Male,Single,US Citizen,No,Black or African American,2011-07-11,2012-09-23,performance,Terminated for Cause,Production,Production Technician I,15.0,Kissy Sullivan,MBTA ads,2
93,"Cornett, Lisa ",1403066069.0,MA,2189.0,1977-03-31,40.0,Female,Married,US Citizen,Yes,White,2015-01-05,,N/A - still employed,Active,Production,Production Technician I,15.75,Kelley Spirea,Billboard,3
94,"Crimmings,   Jean",1311063172.0,MA,1821.0,1987-04-10,30.0,Female,Single,US Citizen,No,White,2016-07-06,,N/A - Has not started yet,Future Start,Production,Production Technician I,19.75,Michael Albert,Newspager/Magazine,0
95,"Darson, Jene'ya ",1001109612.0,MA,2110.0,1978-11-05,39.0,Female,Married,US Citizen,No,White,2012-07-02,,N/A - still employed,Active,Production,Production Technician I,15.0,Elijiah Gray,Billboard,4
96,"DeGweck,  James",1306058816.0,MA,1810.0,1977-10-31,40.0,Male,Married,US Citizen,No,White,2011-05-16,2015-06-08,unhappy,Voluntarily Terminated,Production,Production Technician I,23.5,Webster Butler,Billboard,4
97,"Desimone, Carl ",1501072124.0,MA,2061.0,1967-04-19,50.0,Male,Married,US Citizen,No,White,2014-07-07,,N/A - still employed,Active,Production,Production Technician I,20.0,Amy Dunn,Professional Society,1
98,"Dickinson, Geoff ",706006285.0,MA,2180.0,1982-11-15,35.0,Male,Single,US Citizen,No,White,2014-05-12,,N/A - still employed,Active,Production,Production Technician I,21.0,Ketsia Liebig,Pay Per Click - Google,4
99,"DiNocco, Lily ",1209048696.0,MA,2351.0,1978-12-02,39.0,Female,Married,US Citizen,No,Black or African American,2013-01-07,,N/A - still employed,Active,Production,Production Technician I,22.0,Brannon Miller,Pay Per Click - Google,2
100,"Dobrin, Denisa  S",1202031618.0,MA,2125.0,1986-10-07,31.0,Female,Single,US Citizen,Yes,White,2012-04-02,,N/A - still employed,Active,Production,Production Technician I,16.75,David Stanley,Monster.com,4
101,"Eaton, Marianne",1406067865.0,MA,2343.0,1991-09-05,26.0,Female,Married,US Citizen,No,White,2011-04-04,2013-06-06,military,Voluntarily Terminated,Production,Production Technician I,17.0,Kissy Sullivan,Search Engine - Google Bing Yahoo,4
102,"Engdahl, Jean",1007020403.0,MA,2026.0,1974-05-31,43.0,Male,Single,US Citizen,No,White,2014-11-10,,N/A - still employed,Active,Production,Production Technician I,21.25,Kelley Spirea,MBTA ads,4
103,"England, Rex",1101023612.0,MA,2045.0,1978-08-25,39.0,Male,Married,US Citizen,No,White,2014-03-31,,N/A - still employed,Active,Production,Production Technician I,21.0,Kelley Spirea,Employee Referral,3
104,"Estremera, Miguel",1104025243.0,MA,2129.0,1983-09-02,34.0,Male,Single,US Citizen,No,White,2012-04-02,2014-09-27,attendance,Terminated for Cause,Production,Production Technician I,17.0,Michael Albert,Word of Mouth,2
105,"Evensen, April",1107027392.0,MA,2458.0,1989-05-06,28.0,Female,Single,US Citizen,No,White,2014-02-17,2014-02-25,"no-call, no-show",Terminated for Cause,Production,Production Technician I,18.0,Elijiah Gray,Word of Mouth,0
106,"Ferguson, Susan",1502072511.0,MA,2176.0,1955-04-14,62.0,Female,Married,US Citizen,No,White,2011-11-07,2014-05-17,military,Voluntarily Terminated,Production,Production Technician I,20.0,Webster Butler,Search Engine - Google Bing Yahoo,4
107,"Fernandes, Nilson  ",1302053339.0,MA,2132.0,1989-10-18,28.0,Male,Married,US Citizen,No,White,2015-05-11,,N/A - still employed,Active,Production,Production Technician I,18.0,Amy Dunn,Professional Society,0
108,"Ferreira, Violeta",803009012.0,MA,2176.0,1986-06-10,31.0,Female,Single,US Citizen,No,White,2012-02-20,,N/A - still employed,Active,Production,Production Technician I,23.0,Ketsia Liebig,Newspager/Magazine,4
109,"Fidelia,  Libby",1006020020.0,MA,2155.0,1981-03-16,36.0,Female,Married,US Citizen,No,White,2012-01-09,,N/A - still employed,Active,Production,Production Technician I,24.0,Brannon Miller,Social Networks - Facebook Twitter etc,4
110,"Garcia, Raul",1309061015.0,MA,1905.0,1985-09-15,32.0,Male,Single,US Citizen,Yes,White,2015-03-30,,N/A - still employed,Active,Production,Production Technician I,19.0,David Stanley,Employee Referral,0
111,"Garneau, Hamish",1104025414.0,MA,1550.0,1980-04-18,37.0,Male,Single,US Citizen,No,Asian,2013-07-08,,N/A - still employed,Active,Production,Production Technician I,18.0,Kissy Sullivan,Professional Society,4
112,"Gaul, Barbara",1105026041.0,MA,2121.0,1983-12-02,34.0,Female,Widowed,US Citizen,Yes,Black or African American,2011-05-16,,N/A - still employed,Active,Production,Production Technician I,24.0,Kelley Spirea,MBTA ads,4
113,"Gentry, Mildred",1501072192.0,MA,2145.0,1990-10-01,27.0,Female,Married,US Citizen,No,Black or African American,2015-03-30,,N/A - still employed,Active,Production,Production Technician I,19.0,Michael Albert,Professional Society,0
114,"Gerke, Melisa",1308060622.0,MA,2330.0,1970-05-15,47.0,Female,Divorced,US Citizen,No,White,2011-11-07,2011-11-15,hours,Voluntarily Terminated,Production,Production Technician I,22.0,Elijiah Gray,Diversity Job Fair,0
115,"Gilles, Alex",1008020960.0,MA,2062.0,1974-08-09,43.0,Male,Married,US Citizen,No,Black or African American,2012-04-02,2015-06-25,military,Voluntarily Terminated,Production,Production Technician I,15.0,Webster Butler,Diversity Job Fair,2
116,"Girifalco, Evelyn",1204032927.0,MA,2451.0,1980-05-08,37.0,Female,Single,US Citizen,Yes,Two or more races,2014-09-29,,N/A - still employed,Active,Production,Production Technician I,16.0,Amy Dunn,Professional Society,5
117,"Gold, Shenice  ",1408069539.0,MA,2451.0,1992-06-18,25.0,Female,Single,US Citizen,Yes,White,2013-11-11,,N/A - still employed,Active,Production,Production Technician I,17.0,Ketsia Liebig,Glassdoor,4
118,"Gonzalez, Cayo",1411071212.0,MA,2108.0,1969-09-29,48.0,Male,Divorced,US Citizen,No,American Indian or Alaska Native,2011-07-11,,N/A - still employed,Active,Production,Production Technician I,16.0,Brannon Miller,Diversity Job Fair,5
119,"Gordon, David",1106026579.0,MA,2169.0,1979-05-21,38.0,Male,Married,US Citizen,No,White,2012-07-02,,N/A - still employed,Active,Production,Production Technician I,15.0,David Stanley,MBTA ads,4
120,"Goyal, Roxana",1312063675.0,MA,1864.0,1974-10-09,43.0,Female,Married,US Citizen,No,Asian,2013-08-19,,N/A - still employed,Leave of Absence,Production,Production Technician I,24.0,Kissy Sullivan,On-campus Recruiting,4
121,"Gross, Paula",1103024859.0,MA,2176.0,1983-05-21,34.0,Female,Divorced,US Citizen,No,White,2011-02-21,2014-01-11,more money,Voluntarily Terminated,Production,Production Technician I,14.0,Kelley Spirea,Monster.com,4
122,"Handschiegl, Joanne",1405067064.0,MA,2127.0,1977-03-23,40.0,Female,Married,US Citizen,No,White,2011-11-28,,N/A - still employed,Active,Production,Production Technician I,24.0,Michael Albert,Word of Mouth,4
123,"Harrell, Ludwick",1406068241.0,MA,1776.0,1982-09-02,35.0,Male,Married,US Citizen,No,Asian,2012-05-14,,N/A - still employed,Active,Production,Production Technician I,21.0,Elijiah Gray,Search Engine - Google Bing Yahoo,4
124,"Harrington, Christie ",1110029602.0,MA,2324.0,1952-08-18,65.0,Female,Single,US Citizen,No,White,2012-01-09,2015-12-15,retiring,Voluntarily Terminated,Production,Production Technician I,19.75,Webster Butler,Monster.com,4
125,"Harrison, Kara",1404066622.0,MA,1886.0,1974-05-02,43.0,Female,Married,US Citizen,No,White,2014-05-12,,N/A - still employed,Active,Production,Production Technician I,20.0,Amy Dunn,Monster.com,5
126,"Heitzman, Anthony",1002017900.0,MA,2149.0,1984-01-04,34.0,Male,Single,US Citizen,No,White,2012-08-13,,N/A - still employed,Active,Production,Production Technician I,19.0,Ketsia Liebig,Social Networks - Facebook Twitter etc,3
127,"Ivey, Rose ",1408069882.0,MA,1775.0,1991-01-28,27.0,Female,Single,US Citizen,No,White,2013-08-19,,N/A - still employed,Active,Production,Production Technician I,16.0,Brannon Miller,Professional Society,4
128,"Jackson, Maryellen",1201031438.0,MA,2081.0,1972-09-11,45.0,Female,Separated,US Citizen,No,White,2012-11-05,,N/A - still employed,Active,Production,Production Technician I,20.0,David Stanley,Newspager/Magazine,4
129,"Jacobi, Hannah  ",1503072857.0,MA,1778.0,1966-03-22,51.0,Female,Divorced,US Citizen,No,White,2013-09-30,,N/A - still employed,Active,Production,Production Technician I,21.0,Kissy Sullivan,Employee Referral,4
130,"Jhaveri, Sneha  ",1412071713.0,MA,2109.0,1964-04-13,53.0,Female,Separated,US Citizen,No,White,2014-01-06,,N/A - still employed,Active,Production,Production Technician I,19.0,Kelley Spirea,On-campus Recruiting,4
131,"Johnson, George",1105025721.0,MA,2445.0,1959-08-19,58.0,Male,Married,US Citizen,No,White,2011-11-07,2016-04-29,more money,Voluntarily Terminated,Production,Production Technician I,17.0,Michael Albert,Monster.com,5
132,"Jung, Judy  ",1107027450.0,MA,2446.0,1986-04-17,31.0,Female,Married,US Citizen,No,White,2011-01-10,2016-04-01,unhappy,Voluntarily Terminated,Production,Production Technician I,21.0,Elijiah Gray,Monster.com,3
133,"Keatts, Kramer ",1301052462.0,MA,1887.0,1976-01-19,42.0,Male,Single,US Citizen,No,White,2013-09-30,,N/A - still employed,Active,Production,Production Technician I,19.0,Michael Albert,Billboard,4
134,"Kinsella, Kathleen  ",710007401.0,MA,2170.0,1973-12-08,44.0,Female,Married,US Citizen,No,White,2011-09-26,2015-06-04,more money,Voluntarily Terminated,Production,Production Technician I,22.0,Webster Butler,Search Engine - Google Bing Yahoo,3
135,"Kirill, Alexandra  ",903013071.0,MA,2127.0,1970-10-08,47.0,Female,Married,US Citizen,No,White,2011-09-26,2012-01-09,more money,Voluntarily Terminated,Production,Production Technician I,24.0,Amy Dunn,Search Engine - Google Bing Yahoo,4
136,"Knapp, Bradley  J",1304055683.0,MA,1721.0,1977-11-10,40.0,Male,Single,US Citizen,No,Black or African American,2014-02-17,,N/A - still employed,Active,Production,Production Technician I,14.0,Ketsia Liebig,On-campus Recruiting,4
137,"Kretschmer, John",1311062610.0,MA,1801.0,1980-02-02,37.0,Male,Married,US Citizen,No,Asian,2011-01-10,,N/A - still employed,Active,Production,Production Technician I,21.0,Brannon Miller,Pay Per Click - Google,4
138,"Langton, Enrico",1304055987.0,MA,2048.0,1986-12-09,31.0,Male,Married,US Citizen,No,White,2012-07-09,,N/A - still employed,Active,Production,Production Technician I,17.0,David Stanley,Newspager/Magazine,4
139,"Leach, Dallas",1408069409.0,MA,1810.0,1979-01-17,39.0,Female,Single,US Citizen,No,Asian,2011-09-26,2013-08-19,return to school,Voluntarily Terminated,Production,Production Technician I,19.0,Kissy Sullivan,Monster.com,4
140,"LeBel, Jonathan  R",1107027575.0,MA,2050.0,1981-10-18,36.0,Male,Single,US Citizen,No,White,2011-02-21,2011-08-04,attendance,Terminated for Cause,Production,Production Technician I,15.0,Kelley Spirea,Social Networks - Facebook Twitter etc,3
141,"Linares, Marilyn ",1206042315.0,MA,1886.0,1981-03-26,36.0,Female,Married,US Citizen,No,White,2011-07-05,2011-09-26,unhappy,Voluntarily Terminated,Production,Production Technician I,15.25,Michael Albert,Internet Search,0
142,"Lydon, Allison",1101023353.0,MA,2122.0,1975-10-22,42.0,Female,Married,US Citizen,No,Black or African American,2015-02-16,,N/A - still employed,Leave of Absence,Production,Production Technician I,20.0,Elijiah Gray,Website Banner Ads,3
143,"Lynch, Lindsay",1001138521.0,MA,1844.0,1973-02-14,44.0,Female,Single,US Citizen,Yes,Two or more races,2011-11-07,2015-11-14,Another position,Voluntarily Terminated,Production,Production Technician I,19.0,Webster Butler,Diversity Job Fair,5
144,"MacLennan, Samuel",1201031032.0,MA,1938.0,1972-11-09,45.0,Male,Widowed,US Citizen,No,White,2012-09-24,2012-09-26,hours,Voluntarily Terminated,Production,Production Technician I,15.0,Amy Dunn,Pay Per Click,0
145,"Mahoney, Lauren  ",1209049259.0,MA,2189.0,1986-07-07,31.0,Female,Single,US Citizen,No,White,2014-01-06,,N/A - still employed,Active,Production,Production Technician I,17.0,Ketsia Liebig,Newspager/Magazine,4
146,"Mangal, Debbie",1308060754.0,MA,2451.0,1974-11-07,43.0,Female,Married,US Citizen,No,White,2013-11-11,,N/A - still employed,Active,Production,Production Technician I,23.0,Brannon Miller,On-campus Recruiting,4
147,"Maurice, Shana",1401064327.0,MA,2330.0,1977-11-22,40.0,Female,Married,US Citizen,No,White,2011-05-31,,N/A - still employed,Active,Production,Production Technician I,20.0,David Stanley,Other,3
148,"Mckenna, Sandy",909015167.0,MA,2184.0,1987-01-07,31.0,Female,Married,US Citizen,No,Black or African American,2013-01-07,,N/A - still employed,Active,Production,Production Technician I,24.0,Kissy Sullivan,Monster.com,4
149,"Meads, Elizabeth",1409070245.0,MA,1760.0,1968-05-30,49.0,Female,Single,US Citizen,No,Black or African American,2012-04-02,2015-11-11,Another position,Voluntarily Terminated,Production,Production Technician I,14.0,Kelley Spirea,Diversity Job Fair,4
150,"Medeiros, Jennifer",1109029256.0,MA,2346.0,1976-09-22,41.0,Female,Single,US Citizen,No,White,2015-03-30,,N/A - still employed,Active,Production,Production Technician I,20.0,Michael Albert,Monster.com,0
151,"Motlagh,  Dawn",1102024121.0,MA,2453.0,1984-07-07,33.0,Female,Divorced,US Citizen,No,White,2013-04-01,,N/A - still employed,Active,Production,Production Technician I,15.0,Elijiah Gray,MBTA ads,4
152,"Ndzi, Colombui",1204033042.0,MA,2110.0,1989-05-02,28.0,Male,Single,US Citizen,No,Black or African American,2011-09-26,2014-04-04,return to school,Voluntarily Terminated,Production,Production Technician I,18.0,Webster Butler,Diversity Job Fair,4
153,"Ndzi, Horia",1204033041.0,MA,2421.0,1983-03-28,34.0,Male,Married,US Citizen,No,White,2013-04-01,2016-05-25,more money,Voluntarily Terminated,Production,Production Technician I,22.0,Amy Dunn,Employee Referral,4
154,"Newman, Richard ",1302053044.0,MA,2136.0,1977-04-08,40.0,Male,Married,US Citizen,No,White,2014-05-12,,N/A - still employed,Leave of Absence,Production,Production Technician I,21.0,Ketsia Liebig,On-campus Recruiting,4
155,"Ngodup, Shari ",1403066020.0,MA,1810.0,1967-06-03,50.0,Female,Separated,US Citizen,No,Asian,2013-04-01,,N/A - still employed,Active,Production,Production Technician I,15.0,Brannon Miller,Diversity Job Fair,5
156,"Nguyen, Lei-Ming",1203032357.0,MA,2132.0,1984-07-07,33.0,Female,Single,US Citizen,No,White,2013-07-08,,N/A - still employed,Active,Production,Production Technician I,19.0,David Stanley,Vendor Referral,4
157,"O'hare, Lynn",1206044851.0,MA,2152.0,1980-09-30,37.0,Female,Widowed,US Citizen,No,Two or more races,2014-03-31,2016-05-01,performance,Terminated for Cause,Production,Production Technician I,18.5,Kissy Sullivan,Professional Society,1
158,"Osturnka, Adeel",1404066949.0,MA,2478.0,1976-12-11,41.0,Male,Married,US Citizen,No,White,2013-09-30,,N/A - still employed,Active,Production,Production Technician I,16.0,Kelley Spirea,On-campus Recruiting,5
159,"Owad, Clinton",1103024335.0,MA,1760.0,1979-11-24,38.0,Male,Single,US Citizen,No,Black or African American,2014-02-17,,N/A - still employed,Active,Production,Production Technician I,22.0,Michael Albert,MBTA ads,2
160,"Panjwani, Nina",1109029531.0,MA,2351.0,1979-05-01,38.0,Female,Married,US Citizen,No,White,2011-02-07,2014-01-12,Another position,Voluntarily Terminated,Production,Production Technician I,18.0,Elijiah Gray,Social Networks - Facebook Twitter etc,4
161,"Pelech, Emil",1307060058.0,MA,2458.0,1988-03-17,29.0,Male,Single,US Citizen,No,Black or African American,2011-01-10,2012-12-28,career change,Voluntarily Terminated,Production,Production Technician I,24.0,Webster Butler,Search Engine - Google Bing Yahoo,2
162,"Perry, Shakira",1109029186.0,MA,2176.0,1986-07-20,31.0,Female,Single,US Citizen,No,White,2011-05-16,2015-10-25,medical issues,Voluntarily Terminated,Production,Production Technician I,22.0,Amy Dunn,MBTA ads,4
163,"Peterson, Kayla ",1307059944.0,MA,1749.0,1973-09-23,44.0,Female,Married,US Citizen,No,White,2010-04-26,,N/A - still employed,Active,Production,Production Technician I,17.0,Ketsia Liebig,Search Engine - Google Bing Yahoo,4
164,"Pham, Hong",1305057440.0,MA,2451.0,1988-03-06,29.0,Male,Married,US Citizen,No,White,2011-07-05,2012-11-30,more money,Voluntarily Terminated,Production,Production Technician I,18.0,Brannon Miller,Search Engine - Google Bing Yahoo,4
165,"Pitt, Brad ",1001735072.0,MA,2451.0,1981-11-23,36.0,Male,Single,US Citizen,No,Black or African American,2007-11-05,,N/A - still employed,Active,Production,Production Technician I,17.0,David Stanley,Search Engine - Google Bing Yahoo,4
166,"Power, Morissa",1102024274.0,MA,1742.0,1984-10-15,33.0,Female,Divorced,Eligible NonCitizen,No,Asian,2011-05-16,2011-06-04,Another position,Voluntarily Terminated,Production,Production Technician I,19.0,Kissy Sullivan,Social Networks - Facebook Twitter etc,0
167,"Punjabhi, Louis  ",1401064562.0,MA,2109.0,1961-06-19,56.0,Male,Single,US Citizen,No,White,2014-01-06,,N/A - still employed,Active,Production,Production Technician I,16.0,Kelley Spirea,Employee Referral,4
168,"Purinton, Janine",1011022926.0,MA,2474.0,1970-09-22,47.0,Female,Divorced,US Citizen,No,White,2012-09-24,2013-06-18,unhappy,Voluntarily Terminated,Production,Production Technician I,16.0,Kissy Sullivan,Billboard,4
169,"Rarrick, Quinn",1208048229.0,MA,2478.0,1984-12-31,33.0,Male,Divorced,US Citizen,No,White,2011-09-26,2012-04-07,more money,Voluntarily Terminated,Production,Production Technician I,21.0,Michael Albert,Pay Per Click - Google,4
170,"Rhoads, Thomas",1211050793.0,MA,2176.0,1982-07-22,35.0,Male,Divorced,US Citizen,Yes,White,2011-05-16,2016-01-15,retiring,Voluntarily Terminated,Production,Production Technician I,20.0,Elijiah Gray,Professional Society,4
171,"Rivera, Haley  ",1405067642.0,MA,2171.0,1973-01-12,45.0,Female,Married,US Citizen,No,Asian,2011-11-28,,N/A - still employed,Active,Production,Production Technician I,22.0,Webster Butler,Search Engine - Google Bing Yahoo,5
172,"Robinson, Alain  ",1206038000.0,MA,1420.0,1974-01-07,44.0,Male,Married,US Citizen,No,Black or African American,2011-01-10,2016-01-26,Terminated for Cause,Voluntarily Terminated,Production,Production Technician I,24.0,Amy Dunn,Glassdoor,4
173,"Robinson, Cherly",1403065625.0,MA,1460.0,1985-01-07,33.0,Female,Married,US Citizen,No,White,2011-01-10,2016-05-17,attendance,Terminated for Cause,Production,Production Technician I,16.0,Ketsia Liebig,Glassdoor,2
174,"Robinson, Elias",1011022887.0,MA,1730.0,1985-01-28,33.0,Male,Widowed,US Citizen,No,White,2013-07-08,,N/A - still employed,Active,Production,Production Technician I,17.0,Brannon Miller,Employee Referral,6
175,"Rose, Ashley  ",710007555.0,MA,1886.0,1974-12-05,43.0,Female,Separated,US Citizen,No,White,2014-01-06,,N/A - still employed,Active,Production,Production Technician I,17.0,David Stanley,Website Banner Ads,4
176,"Rossetti, Bruno",1405067492.0,MA,2155.0,1987-03-18,30.0,Male,Single,US Citizen,No,White,2011-04-04,2012-08-13,Another position,Voluntarily Terminated,Production,Production Technician I,18.0,Kissy Sullivan,Search Engine - Google Bing Yahoo,4
177,"Saar-Beckles, Melinda",1410070998.0,MA,1801.0,1968-06-06,49.0,Female,Single,US Citizen,No,Black or African American,2016-07-04,,N/A - Has not started yet,Future Start,Production,Production Technician I,20.0,Kelley Spirea,Diversity Job Fair,0
178,"Sadki, Nore  ",1308060535.0,MA,2148.0,1974-12-21,43.0,Male,Single,US Citizen,No,White,2009-01-05,2010-07-30,relocation out of area,Voluntarily Terminated,Production,Production Technician I,21.0,Michael Albert,Word of Mouth,4
179,"Sander, Kamrin",1302053362.0,MA,2154.0,1988-07-10,29.0,Female,Married,US Citizen,No,Black or African American,2014-09-29,,N/A - still employed,Active,Production,Production Technician I,21.0,Elijiah Gray,On-campus Recruiting,4
180,"Sewkumar, Nori",807010161.0,MA,2191.0,1975-03-10,42.0,Female,Single,US Citizen,No,Asian,2013-09-30,,N/A - still employed,Leave of Absence,Production,Production Technician I,15.2,Webster Butler,Search Engine - Google Bing Yahoo,4
181,"Shields, Seffi",1205033102.0,MA,2149.0,1985-08-24,32.0,Female,Married,US Citizen,No,White,2013-08-19,,N/A - still employed,Active,Production,Production Technician I,15.0,Amy Dunn,Newspager/Magazine,4
182,"Smith, Sade",1501071909.0,MA,2130.0,1965-02-02,53.0,Female,Single,US Citizen,No,White,2013-11-11,,N/A - still employed,Active,Production,Production Technician I,24.5,Ketsia Liebig,Employee Referral,4
183,"Sparks, Taylor  ",1410071137.0,MA,2093.0,1968-07-20,49.0,Female,Married,US Citizen,No,White,2012-02-20,,N/A - still employed,Active,Production,Production Technician I,16.0,Brannon Miller,Billboard,1
184,"Squatrito, Kristen",1405067138.0,MA,2359.0,1973-03-26,44.0,Female,Divorced,US Citizen,No,White,2013-05-13,2015-06-29,unhappy,Voluntarily Terminated,Production,Production Technician I,21.0,David Stanley,MBTA ads,5
185,"Stanford,Barbara  M",1111030244.0,MA,2050.0,1982-08-25,35.0,Female,Divorced,US Citizen,No,Two or more races,2011-01-10,,N/A - still employed,Active,Production,Production Technician I,14.0,Kissy Sullivan,Word of Mouth,4
186,"Stoica, Rick",1106026896.0,MA,2301.0,1985-03-14,32.0,Male,Married,US Citizen,No,Asian,2014-02-17,,N/A - still employed,Active,Production,Production Technician I,22.0,Kelley Spirea,On-campus Recruiting,4
187,"Sullivan, Timothy",1201031310.0,MA,2747.0,1982-10-07,35.0,Male,Married,US Citizen,Yes,White,2015-01-05,,N/A - still employed,Active,Production,Production Technician I,19.0,Michael Albert,Word of Mouth,3
188,"Sutwell, Barbara",1407069061.0,MA,2718.0,1968-08-15,49.0,Female,Single,Eligible NonCitizen,No,Asian,2012-05-14,,N/A - still employed,Active,Production,Production Technician I,14.0,Elijiah Gray,Glassdoor,4
189,"Tavares, Desiree  ",1405067501.0,MA,1801.0,1975-04-03,42.0,Female,Married,Non-Citizen,No,Two or more races,2009-04-27,2013-04-01,Another position,Voluntarily Terminated,Production,Production Technician I,15.0,Webster Butler,Diversity Job Fair,4
190,"Theamstern, Sophia",1404066739.0,MA,2066.0,1965-05-09,52.0,Female,Single,US Citizen,No,White,2011-07-05,2011-09-05,return to school,Voluntarily Terminated,Production,Production Technician I,20.0,Amy Dunn,Billboard,0
191,"Tinto, Theresa  ",1103024504.0,MA,1876.0,1983-07-30,34.0,Female,Divorced,US Citizen,No,White,2011-01-10,2011-05-14,Another position,Voluntarily Terminated,Production,Production Technician I,20.0,Ketsia Liebig,Social Networks - Facebook Twitter etc,3
192,"Tippett, Jeanette",1409070255.0,MA,2093.0,1967-06-05,50.0,Female,Divorced,US Citizen,No,Black or African American,2013-02-18,,N/A - still employed,Active,Production,Production Technician I,24.0,Brannon Miller,Billboard,4
193,"Trang, Mei",1012023152.0,MA,2021.0,1983-05-16,34.0,Female,Single,US Citizen,No,White,2014-02-17,,N/A - still employed,Active,Production,Production Technician I,22.0,David Stanley,Professional Society,0
194,"Veera, Abdellah ",1203032235.0,MA,2171.0,1987-01-31,30.0,Male,Divorced,US Citizen,No,White,2012-08-13,2016-02-05,maternity leave - did not return,Voluntarily Terminated,Production,Production Technician I,19.0,Kissy Sullivan,Information Session,5
195,"Volk, Colleen",1011022814.0,MA,2747.0,1986-06-03,31.0,Female,Married,US Citizen,No,White,2011-09-26,2016-02-08,gross misconduct,Terminated for Cause,Production,Production Technician I,21.0,Kelley Spirea,Social Networks - Facebook Twitter etc,5
196,"Von Massenbach, Anna",1106026474.0,MA,2124.0,1985-04-06,32.0,Female,Single,US Citizen,No,White,2015-07-05,,N/A - Has not started yet,Future Start,Production,Production Technician I,20.0,Michael Albert,Newspager/Magazine,0
197,"Wallace, Theresa",1101023619.0,MA,1887.0,1980-08-02,37.0,Female,Single,US Citizen,No,White,2012-08-13,2015-09-01,career change,Voluntarily Terminated,Production,Production Technician I,15.0,Elijiah Gray,Monster.com,2
198,"Whittier, Scott",1307060212.0,MA,2030.0,1987-05-24,30.0,Male,Single,US Citizen,Yes,White,2011-01-10,2011-05-15,hours,Voluntarily Terminated,Production,Production Technician I,23.0,Webster Butler,Newspager/Magazine,3
199,"Wilber, Barry",1101023839.0,MA,2324.0,1965-09-09,52.0,Male,Married,Eligible NonCitizen,No,White,2011-05-16,2015-09-07,unhappy,Voluntarily Terminated,Production,Production Technician I,21.0,Amy Dunn,Website Banner Ads,4
200,"Williams, Jacquelyn  ",1308060671.0,MA,2109.0,1969-10-02,48.0,Female,Single,US Citizen,Yes,Two or more races,2012-01-09,2015-06-27,relocation out of area,Voluntarily Terminated,Production,Production Technician I,16.0,Ketsia Liebig,Diversity Job Fair,4
201,"Ybarra, Catherine ",1001268402.0,MA,2458.0,1982-05-04,35.0,Female,Single,US Citizen,No,Asian,2008-09-02,2015-09-29,Another position,Voluntarily Terminated,Production,Production Technician I,22.0,Brannon Miller,Search Engine - Google Bing Yahoo,1
202,"Zima, Colleen",1211051232.0,MA,1730.0,1978-08-17,39.0,Female,Widowed,US Citizen,No,Asian,2014-09-29,,N/A - still employed,Active,Production,Production Technician I,15.0,David Stanley,On-campus Recruiting,4
203,"Akinkuolie, Sarah",1005019209.0,MA,1810.0,1988-09-19,29.0,Female,Married,US Citizen,No,White,2011-07-05,2012-09-24,hours,Voluntarily Terminated,Production,Production Technician II,29.0,Kissy Sullivan,Newspager/Magazine,3
204,"Beak, Kimberly  ",1303054329.0,MA,2145.0,1966-04-17,51.0,Female,Married,US Citizen,No,White,2016-07-21,,N/A - Has not started yet,Future Start,Production,Production Technician II,27.0,Kelley Spirea,Employee Referral,5
205,"Blount, Dianna",1403066125.0,MA,2171.0,1990-09-21,27.0,Female,Single,US Citizen,No,White,2011-04-04,,N/A - still employed,Active,Production,Production Technician II,27.0,Michael Albert,Monster.com,2
206,"Bondwell, Betsy",1008021030.0,MA,2210.0,1967-01-16,51.0,Female,Single,US Citizen,No,White,2011-01-10,2014-04-04,career change,Voluntarily Terminated,Production,Production Technician II,26.0,Elijiah Gray,Search Engine - Google Bing Yahoo,3
207,"Buccheri, Joseph  ",1101023457.0,MA,1013.0,1983-07-28,34.0,Male,Single,US Citizen,No,White,2014-09-29,,N/A - still employed,Active,Production,Production Technician II,22.0,Webster Butler,Word of Mouth,4
208,"Burke, Joelle",1011022820.0,MA,2148.0,1980-03-02,37.0,Female,Single,US Citizen,No,Black or African American,2012-03-05,,N/A - still employed,Active,Production,Production Technician II,25.0,Amy Dunn,Employee Referral,4
209,"Burkett, Benjamin ",1301052449.0,MA,1890.0,1977-08-19,40.0,Male,Married,US Citizen,No,White,2011-04-04,,N/A - still employed,Active,Production,Production Technician II,26.0,Ketsia Liebig,Careerbuilder,4
210,"Cloninger, Jennifer",1012023226.0,MA,1752.0,1981-08-31,36.0,Female,Married,US Citizen,No,White,2011-05-16,2013-01-07,unhappy,Voluntarily Terminated,Production,Production Technician II,25.0,Brannon Miller,Word of Mouth,3
211,"Close, Phil",1209048697.0,MA,2169.0,1978-11-25,39.0,Male,Married,US Citizen,No,White,2010-08-30,2011-09-26,career change,Voluntarily Terminated,Production,Production Technician II,26.0,David Stanley,Other,4
212,"Davis, Daniel",1201031274.0,MA,2458.0,1979-09-14,38.0,Male,Single,Eligible NonCitizen,No,Two or more races,2011-11-07,,N/A - still employed,Active,Production,Production Technician II,25.0,Kissy Sullivan,Newspager/Magazine,3
213,"Demita, Carla",1104025179.0,MA,2343.0,1951-02-25,66.0,Female,Separated,US Citizen,No,Black or African American,2011-04-04,2015-11-04,more money,Voluntarily Terminated,Production,Production Technician II,29.0,Kelley Spirea,Search Engine - Google Bing Yahoo,4
214,"Erilus, Angela",1105025661.0,MA,2133.0,1989-08-25,28.0,Female,Separated,US Citizen,No,White,2014-07-07,,N/A - still employed,Active,Production,Production Technician II,24.0,Michael Albert,Pay Per Click - Google,1
215,"Faller, Megan ",1108028428.0,MA,1824.0,1978-09-22,39.0,Female,Married,US Citizen,No,Black or African American,2014-07-07,,N/A - still employed,Active,Production,Production Technician II,27.0,Elijiah Gray,Professional Society,4
216,"Fancett, Nicole",1402065085.0,MA,2324.0,1987-09-27,30.0,Female,Single,US Citizen,No,Black or African American,2014-02-17,,N/A - still employed,Active,Production,Production Technician II,24.0,Webster Butler,Newspager/Magazine,4
217,"Fitzpatrick, Michael  J",1109029103.0,MA,2143.0,1981-10-01,36.0,Male,Single,US Citizen,Yes,White,2011-05-16,2013-06-24,hours,Voluntarily Terminated,Production,Production Technician II,29.0,Amy Dunn,Social Networks - Facebook Twitter etc,4
218,"Foreman, Tanya",1012023204.0,MA,2170.0,1983-11-08,34.0,Female,Married,US Citizen,No,White,2011-04-04,2012-01-09,career change,Voluntarily Terminated,Production,Production Technician II,24.0,Ketsia Liebig,Word of Mouth,4
219,"Gonzalez, Juan",1411071324.0,MA,2128.0,1964-10-12,53.0,Male,Married,US Citizen,No,Black or African American,2010-04-26,2011-05-30,career change,Voluntarily Terminated,Production,Production Technician II,29.0,Brannon Miller,Diversity Job Fair,1
220,"Good, Susan",1001549006.0,MA,1886.0,1986-05-25,31.0,Female,Married,US Citizen,No,White,2014-05-12,,N/A - still employed,Leave of Absence,Production,Production Technician II,24.25,David Stanley,Professional Society,4
221,"Gosciminski, Phylicia  ",1108028351.0,MA,1824.0,1983-12-08,34.0,Female,Separated,US Citizen,No,American Indian or Alaska Native,2013-09-30,,N/A - still employed,Leave of Absence,Production,Production Technician II,27.0,Kissy Sullivan,Word of Mouth,4
222,"Hankard, Earnest",1307059937.0,MA,2155.0,1988-08-10,29.0,Male,Single,US Citizen,Yes,White,2013-11-11,,N/A - still employed,Active,Production,Production Technician II,24.0,Kelley Spirea,Newspager/Magazine,4
223,"Hendrickson, Trina",1011022932.0,MA,2021.0,1972-08-27,45.0,Female,Single,US Citizen,No,White,2011-01-10,2013-02-18,hours,Voluntarily Terminated,Production,Production Technician II,24.0,Kelley Spirea,Monster.com,4
224,"Homberger, Adrienne  J",1207046956.0,MA,2445.0,1984-02-16,33.0,Female,Married,Non-Citizen,No,White,2011-08-15,2012-04-07,relocation out of area,Voluntarily Terminated,Production,Production Technician II,28.0,Michael Albert,Glassdoor,4
225,"Hunts, Julissa",1106026433.0,MA,2021.0,1984-03-11,33.0,Female,Single,US Citizen,No,White,2016-06-06,,N/A - Has not started yet,Future Start,Production,Production Technician II,25.0,Elijiah Gray,Vendor Referral,0
226,"Hutter, Rosalie",1103024924.0,MA,2351.0,1992-05-07,25.0,Female,Separated,US Citizen,No,White,2015-06-05,,N/A - Has not started yet,Future Start,Production,Production Technician II,28.0,Webster Butler,Other,0
227,"Huynh, Ming",1306058509.0,MA,1742.0,1976-09-22,41.0,Female,Divorced,US Citizen,No,White,2011-02-21,2013-04-01,unhappy,Voluntarily Terminated,Production,Production Technician II,23.0,Amy Dunn,Search Engine - Google Bing Yahoo,4
228,"Jeannite, Tayana",1008020942.0,MA,1821.0,1986-11-06,31.0,Female,Divorced,US Citizen,No,American Indian or Alaska Native,2011-07-05,,N/A - still employed,Active,Production,Production Technician II,22.5,Ketsia Liebig,MBTA ads,5
229,"Johnston, Yen",1306057810.0,MA,2128.0,1969-09-08,48.0,Female,Single,US Citizen,No,White,2014-07-07,,N/A - still employed,Active,Production,Production Technician II,25.0,Brannon Miller,Professional Society,6
230,"Langford, Lindsey",1010022030.0,MA,2090.0,1979-07-25,38.0,Female,Divorced,US Citizen,No,Asian,2013-01-07,2014-03-31,Another position,Voluntarily Terminated,Production,Production Technician II,22.0,David Stanley,Glassdoor,4
231,"Latif, Mohammed",1104025486.0,MA,2126.0,1984-05-09,33.0,Male,Married,US Citizen,No,White,2012-04-02,2013-04-15,more money,Voluntarily Terminated,Production,Production Technician II,28.0,Kissy Sullivan,Word of Mouth,4
232,"Linden, Mathew",1405067565.0,MA,1770.0,1979-03-19,38.0,Male,Married,US Citizen,No,White,2013-07-08,,N/A - still employed,Leave of Absence,Production,Production Technician II,22.0,Kelley Spirea,Information Session,4
233,"Lundy, Susan",1305056276.0,MA,2122.0,1976-12-26,41.0,Female,Widowed,US Citizen,No,White,2013-07-08,2013-09-15,more money,Voluntarily Terminated,Production,Production Technician II,24.0,Michael Albert,On-campus Recruiting,0
234,"Lunquist, Lisa",1001504432.0,MA,2324.0,1982-03-28,35.0,Female,Single,US Citizen,No,Black or African American,2013-08-19,,N/A - still employed,Active,Production,Production Technician II,26.1,Elijiah Gray,Glassdoor,5
235,"Manchester, Robyn",1110029623.0,MA,2324.0,1976-08-25,41.0,Female,Married,US Citizen,No,White,2016-05-11,,N/A - Has not started yet,Future Start,Production,Production Technician II,23.0,Webster Butler,Vendor Referral,0
236,"Mancuso, Karen",1304055986.0,MA,2176.0,1986-12-10,31.0,Female,Married,US Citizen,No,Two or more races,2011-07-05,2011-08-19,Another position,Voluntarily Terminated,Production,Production Technician II,23.0,Amy Dunn,Newspager/Magazine,0
237,"McCarthy, Brigit",1406067957.0,MA,2149.0,1987-05-21,30.0,Female,Single,US Citizen,No,White,2015-03-30,,N/A - still employed,Active,Production,Production Technician II,26.0,Ketsia Liebig,Newspager/Magazine,0
238,"Miller, Ned",1205033439.0,MA,2472.0,1985-06-29,32.0,Male,Single,US Citizen,No,White,2011-08-15,2014-09-04,unhappy,Voluntarily Terminated,Production,Production Technician II,25.0,Brannon Miller,MBTA ads,1
239,"Monkfish, Erasumus  ",1404066711.0,MA,1450.0,1992-08-17,25.0,Male,Married,US Citizen,No,White,2011-11-07,,N/A - still employed,Active,Production,Production Technician II,27.0,David Stanley,Professional Society,4
240,"Monterro, Luisa",1001103149.0,MA,2126.0,1970-04-24,47.0,Female,Single,US Citizen,No,Black or African American,2013-05-13,,N/A - still employed,Active,Production,Production Technician II,25.0,Kissy Sullivan,Billboard,6
241,"Moran, Patrick",1408069503.0,MA,2127.0,1976-12-03,41.0,Male,Single,US Citizen,No,Hispanic,2012-01-09,,N/A - still employed,Leave of Absence,Production,Production Technician II,26.0,Kelley Spirea,Diversity Job Fair,4
242,"Moumanil, Maliki ",1301052436.0,MA,1460.0,1974-12-01,43.0,Male,Separated,US Citizen,No,Black or African American,2013-05-13,,N/A - still employed,Active,Production,Production Technician II,29.0,Michael Albert,On-campus Recruiting,4
243,"Nowlan, Kristie",1104025435.0,MA,1040.0,1985-11-23,32.0,Female,Single,US Citizen,No,White,2014-11-10,,N/A - still employed,Active,Production,Production Technician II,26.39,Elijiah Gray,Glassdoor,4
244,"Oliver, Brooke ",1001856521.0,MA,2492.0,1952-02-11,65.0,Female,Married,US Citizen,No,Asian,2012-05-14,2013-08-19,unhappy,Voluntarily Terminated,Production,Production Technician II,25.0,Webster Butler,Newspager/Magazine,3
245,"Pelletier, Ermine",1202031821.0,MA,2472.0,1989-07-18,28.0,Female,Married,US Citizen,No,Asian,2011-07-05,2011-09-15,unhappy,Voluntarily Terminated,Production,Production Technician II,28.0,Amy Dunn,Monster.com,0
246,"Peters, Lauren",1411071406.0,MA,1886.0,1986-08-17,31.0,Female,Married,US Citizen,No,White,2011-05-16,2012-02-04,more money,Voluntarily Terminated,Production,Production Technician II,29.0,Ketsia Liebig,Pay Per Click - Google,5
247,"Petingill, Shana  ",1103024843.0,MA,2050.0,1979-03-10,38.0,Female,Married,Eligible NonCitizen,No,Asian,2012-04-02,,N/A - still employed,Active,Production,Production Technician II,26.0,Brannon Miller,MBTA ads,4
248,"Roberson, May",1402065340.0,MA,1902.0,1981-09-05,36.0,Female,Divorced,Eligible NonCitizen,No,White,2011-09-26,2011-10-22,return to school,Voluntarily Terminated,Production,Production Technician II,26.0,David Stanley,Search Engine - Google Bing Yahoo,0
249,"Robertson, Peter",1499902991.0,MA,2138.0,1972-07-03,45.0,Male,Married,US Citizen,No,White,2011-07-05,2012-02-08,Another position,Voluntarily Terminated,Production,Production Technician II,22.0,Kissy Sullivan,Glassdoor,4
250,"Sahoo, Adil",1106026462.0,MA,2062.0,1986-04-26,31.0,Male,Married,US Citizen,No,White,2010-08-30,,N/A - still employed,Active,Production,Production Technician II,29.0,Kelley Spirea,Monster.com,4
251,"Sloan, Constance",1012023103.0,MA,1851.0,1987-11-25,30.0,Female,Single,US Citizen,No,White,2009-10-26,2015-04-08,maternity leave - did not return,Voluntarily Terminated,Production,Production Technician II,23.0,Michael Albert,Monster.com,4
252,"Smith, Joe",1001970770.0,MA,2045.0,1963-10-30,54.0,Male,Single,US Citizen,No,White,2014-09-29,,N/A - still employed,Active,Production,Production Technician II,22.0,Elijiah Gray,Pay Per Click - Google,5
253,"Tejeda, Lenora ",1406068345.0,MA,2129.0,1953-05-24,64.0,Female,Married,US Citizen,No,White,2011-05-16,2012-07-08,Another position,Voluntarily Terminated,Production,Production Technician II,28.75,Elijiah Gray,Search Engine - Google Bing Yahoo,4
254,"Thibaud, Kenneth",1011022777.0,MA,2472.0,1975-09-16,42.0,Male,Widowed,US Citizen,No,White,2007-06-25,2010-08-30,military,Voluntarily Terminated,Production,Production Technician II,23.0,Webster Butler,Pay Per Click - Google,4
255,"Trzeciak, Cybil",1107027551.0,MA,1778.0,1985-03-15,32.0,Female,Single,US Citizen,No,White,2011-01-10,2012-07-02,unhappy,Voluntarily Terminated,Production,Production Technician II,22.0,Amy Dunn,Vendor Referral,4
256,"Walker, Roger",1011022818.0,MA,2459.0,1976-02-10,41.0,Male,Single,US Citizen,No,Black or African American,2014-08-18,,N/A - still employed,Active,Production,Production Technician II,22.0,Ketsia Liebig,Employee Referral,4
257,"Winthrop, Jordan  ",1405067188.0,MA,2045.0,1958-11-07,59.0,Male,Single,US Citizen,No,White,2013-01-07,2016-02-21,retiring,Voluntarily Terminated,Production,Production Technician II,29.0,Brannon Miller,Professional Society,5
258,"Wolk, Hang  T",1205033180.0,MA,2302.0,1985-04-20,32.0,Female,Single,US Citizen,No,White,2014-09-29,,N/A - still employed,Active,Production,Production Technician II,22.0,David Stanley,Newspager/Magazine,4
259,"Woodson, Jason",1012023010.0,MA,1810.0,1985-05-11,32.0,Male,Single,US Citizen,No,White,2014-07-07,,N/A - still employed,Active,Production,Production Technician II,24.25,Kissy Sullivan,Vendor Referral,4
260,"Buck, Edward",1504073313.0,MA,2330.0,1975-07-07,42.0,Male,Married,US Citizen,No,White,2014-09-29,,N/A - still employed,Active,Sales,Area Sales Manager,55.0,Lynn Daneault,Employee Referral,4
261,"Bunbury, Jessica",1504073368.0,VA,21851.0,1964-06-01,53.0,Female,Married,Eligible NonCitizen,No,Black or African American,2011-08-15,2014-08-02,Another position,Voluntarily Terminated,Sales,Area Sales Manager,55.0,John Smith,Social Networks - Facebook Twitter etc,4
262,"Carter, Michelle ",1403065721.0,VT,5664.0,1963-05-15,54.0,Female,Single,US Citizen,No,White,2014-08-18,,N/A - still employed,Active,Sales,Area Sales Manager,55.0,John Smith,Billboard,4
263,"Costa, Latia",1409070567.0,CA,90007.0,1988-11-08,29.0,Female,Single,US Citizen,No,White,2011-01-10,,N/A - still employed,Active,Sales,Area Sales Manager,55.0,Lynn Daneault,Other,5
264,"Dietrich, Jenna  ",1408069481.0,WA,98052.0,1987-05-14,30.0,Female,Single,US Citizen,Yes,White,2012-02-20,,N/A - still employed,Active,Sales,Area Sales Manager,55.0,John Smith,Website Banner Ads,1
265,"Digitale, Alfred",1306059197.0,NH,3062.0,1988-09-14,29.0,Male,Married,US Citizen,No,American Indian or Alaska Native,2014-08-18,,N/A - still employed,Active,Sales,Area Sales Manager,56.0,John Smith,Pay Per Click - Google,4
266,"Fraval, Maruk ",1411071302.0,CT,6050.0,1963-08-28,54.0,Male,Single,US Citizen,No,Black or African American,2011-09-06,,N/A - still employed,Active,Sales,Area Sales Manager,55.0,Lynn Daneault,Monster.com,4
267,"Friedman, Gerry",1204032843.0,NY,10171.0,1969-02-24,48.0,Male,Single,US Citizen,Yes,Two or more races,2011-03-07,,N/A - still employed,Active,Sales,Area Sales Manager,55.5,John Smith,Diversity Job Fair,4
268,"Gill, Whitney  ",1302053046.0,OH,43050.0,1971-07-10,46.0,Female,Widowed,US Citizen,No,Black or African American,2014-07-07,2015-09-05,attendance,Terminated for Cause,Sales,Area Sales Manager,55.0,John Smith,Monster.com,4
269,"Givens, Myriam",1203032099.0,IN,46204.0,1989-09-22,28.0,Female,Single,US Citizen,No,White,2015-02-16,,N/A - still employed,Active,Sales,Area Sales Manager,55.0,Lynn Daneault,Pay Per Click - Google,3
270,"Gonzales, Ricardo",1411071481.0,ID,83706.0,1954-10-12,63.0,Male,Married,US Citizen,No,White,2014-05-12,,N/A - still employed,Active,Sales,Area Sales Manager,55.5,John Smith,Monster.com,4
271,"Guilianno, Mike",1001167253.0,TN,37129.0,1969-02-09,48.0,Male,Single,US Citizen,No,Two or more races,2011-03-07,2014-10-31,relocation out of area,Voluntarily Terminated,Sales,Area Sales Manager,55.0,John Smith,Newspager/Magazine,4
272,Jeremy Prater,1001084890.0,NV,89139.0,1974-05-09,43.0,Male,Married,US Citizen,No,White,2014-05-12,,N/A - still employed,Active,Sales,Area Sales Manager,56.0,Lynn Daneault,Website Banner Ads,1
273,"Khemmich, Bartholemew",1104025008.0,CO,80820.0,1979-11-27,38.0,Male,Single,US Citizen,No,White,2013-08-19,,N/A - still employed,Active,Sales,Area Sales Manager,55.0,Lynn Daneault,Pay Per Click - Google,4
274,"Leruth, Giovanni",1412071660.0,UT,84111.0,1988-12-27,29.0,Male,Separated,US Citizen,No,Black or African American,2012-04-30,,N/A - still employed,Active,Sales,Area Sales Manager,55.0,John Smith,Website Banner Ads,4
275,"Martins, Joseph",1209048771.0,TX,78207.0,1970-06-11,47.0,Male,Single,Eligible NonCitizen,No,Black or African American,2012-05-14,,N/A - still employed,Active,Sales,Area Sales Manager,56.0,Lynn Daneault,Employee Referral,4
276,"McKinzie, Jac",1209049326.0,TX,78789.0,1984-07-01,33.0,Male,Married,US Citizen,No,Two or more races,2016-07-06,,N/A - Has not started yet,Future Start,Sales,Area Sales Manager,55.0,Lynn Daneault,Website Banner Ads,0
277,"Mullaney, Howard",1306057978.0,AL,36006.0,1975-11-02,42.0,Male,Single,US Citizen,No,Two or more races,2014-09-29,,N/A - still employed,Active,Sales,Area Sales Manager,55.0,John Smith,Internet Search,2
278,"Nguyen, Dheepa",1111030684.0,GA,30428.0,1989-03-31,28.0,Female,Single,US Citizen,No,Two or more races,2013-07-08,,N/A - still employed,Active,Sales,Area Sales Manager,55.0,Lynn Daneault,Pay Per Click - Google,4
279,"Onque, Jasmine",1501072180.0,FL,33174.0,1990-05-11,27.0,Female,Single,US Citizen,Yes,White,2013-09-30,,N/A - still employed,Active,Sales,Area Sales Manager,57.0,Lynn Daneault,Pay Per Click - Google,4
280,"Ozark, Travis",812011761.0,NC,27229.0,1982-05-19,35.0,Male,Single,US Citizen,No,White,2015-01-05,,N/A - still employed,Active,Sales,Area Sales Manager,55.0,John Smith,Website Banner Ads,3
281,"Potts, Xana",1102024106.0,KY,40220.0,1988-08-29,29.0,Female,Married,US Citizen,No,Black or African American,2012-01-09,,N/A - still employed,Active,Sales,Area Sales Manager,55.0,Lynn Daneault,Website Banner Ads,4
282,"Riordan, Michael",1502072711.0,ND,58782.0,1968-01-15,50.0,Male,Separated,US Citizen,No,White,2006-01-09,,N/A - still employed,Active,Sales,Area Sales Manager,55.0,Lynn Daneault,Billboard,5
283,"Strong, Caitrin",1411071295.0,MT,59102.0,1989-05-12,28.0,Female,Married,US Citizen,No,Black or African American,2010-09-27,,N/A - still employed,Active,Sales,Area Sales Manager,54.0,John Smith,Professional Society,4
284,"Terry, Sharlene ",1401064637.0,OR,97756.0,1965-05-07,52.0,Female,Single,US Citizen,No,Black or African American,2014-09-29,,N/A - still employed,Active,Sales,Area Sales Manager,55.0,Lynn Daneault,Monster.com,4
285,"Valentin,Jackie",1312063714.0,AZ,85006.0,1991-05-23,26.0,Female,Married,US Citizen,No,Two or more races,2011-07-05,,N/A - still employed,Active,Sales,Area Sales Manager,55.0,John Smith,Other,4
286,"Villanueva, Noah",1111030503.0,ME,4063.0,1989-07-11,28.0,Male,Single,US Citizen,No,Asian,2012-03-05,,N/A - still employed,Active,Sales,Area Sales Manager,56.0,John Smith,Website Banner Ads,4
287,"Houlihan, Debra",1009021646.0,RI,2908.0,1966-03-17,51.0,Female,Married,US Citizen,No,White,2014-05-05,,N/A - still employed,Active,Sales,Director of Sales,60.0,Janet King,MBTA ads,4
288,"Daneault, Lynn",1402065303.0,VT,5473.0,1990-04-19,27.0,Female,Single,US Citizen,No,White,2014-05-05,,N/A - still employed,Active,Sales,Sales Manager,54.0,Debra Houlihan,Pay Per Click - Google,4
289,"Kampew, Donysha    ",1109029264.0,PA,19444.0,1989-11-11,28.0,Female,Single,US Citizen,No,White,2011-11-07,2014-04-24,maternity leave - did not return,Voluntarily Terminated,Sales,Sales Manager,60.25,Debra Houlihan,Social Networks - Facebook Twitter etc,4
290,"Smith, John",1499902910.0,MA,1886.0,1984-08-16,33.0,Male,Divorced,US Citizen,No,Black or African American,2014-05-18,,N/A - still employed,Active,Sales,Sales Manager,56.0,Debra Houlihan,Diversity Job Fair,2
291,"Andreola, Colby",1107027358.0,MA,2110.0,1979-05-24,38.0,Female,Single,US Citizen,No,White,2014-11-10,,N/A - still employed,Active,Software Engineering,Software Engineer,47.6,Alex Sweetwater,Vendor Referral,4
292,"Carabbio, Judith",1101023577.0,MA,2132.0,1987-04-05,30.0,Female,Single,US Citizen,No,White,2013-11-11,,N/A - still employed,Active,Software Engineering,Software Engineer,56.0,Alex Sweetwater,Pay Per Click - Google,3
293,"Del Bosque, Keyla",1203032498.0,MA,2176.0,1979-07-05,38.0,Female,Single,US Citizen,No,Black or African American,2012-01-09,,N/A - still employed,Active,Software Engineering,Software Engineer,57.12,Alex Sweetwater,Monster.com,3
294,"Exantus, Susan",1401064670.0,MA,1749.0,1987-05-15,30.0,Female,Married,US Citizen,No,Black or African American,2011-05-02,2013-06-05,attendance,Terminated for Cause,Software Engineering,Software Engineer,48.5,Alex Sweetwater,Billboard,2
295,"Martin, Sandra",1303054625.0,MA,2135.0,1987-11-07,30.0,Female,Separated,US Citizen,No,Asian,2013-11-11,,N/A - still employed,Active,Software Engineering,Software Engineer,55.51,Alex Sweetwater,Search Engine - Google Bing Yahoo,4
296,"Patronick, Luke",1112030979.0,MA,1844.0,1979-02-20,38.0,Male,Single,US Citizen,No,Asian,2011-11-07,2015-09-07,Another position,Voluntarily Terminated,Software Engineering,Software Engineer,52.25,Alex Sweetwater,Diversity Job Fair,5
297,"Saada, Adell",1012023185.0,MA,2132.0,1986-07-24,31.0,Female,Married,US Citizen,No,White,2012-11-05,,N/A - still employed,Active,Software Engineering,Software Engineer,49.25,Alex Sweetwater,Pay Per Click - Google,4
298,"Szabo, Andrew",1201031324.0,MA,2140.0,1983-05-06,34.0,Male,Single,US Citizen,No,White,2014-07-07,,N/A - still employed,Active,Software Engineering,Software Engineer,48.0,Alex Sweetwater,MBTA ads,6
299,"True, Edward",1102024057.0,MA,2451.0,1983-06-14,34.0,Male,Single,Non-Citizen,No,Black or African American,2013-02-18,2014-04-15,medical issues,Voluntarily Terminated,Software Engineering,Software Engineer,45.42,Alex Sweetwater,Diversity Job Fair,4
300,"Sweetwater, Alex",1001644719.0,MA,2184.0,1966-11-22,51.0,Male,Single,US Citizen,No,White,2011-08-15,,N/A - still employed,Active,Software Engineering,Software Engineering Manager,27.0,Jennifer Zamora,Search Engine - Google Bing Yahoo,4
